id;tipo;contato;created;modified
1;Email;index calculate;2023-10-11T02:57:08;2023-10-10T21:55:45
2;Telefone;incentivize De-engineered Metal;2023-10-11T00:06:27;2023-10-10T20:46:53
3;Email;Pequeno;2023-10-11T17:38:38;2023-10-11T07:00:24
4;Telefone;payment;2023-10-11T18:22:06;2023-10-11T09:39:22
5;Telefone;Money expedite;2023-10-11T03:39:41;2023-10-11T05:09:48
6;Telefone;programming Dynamic interface;2023-10-10T22:24:43;2023-10-11T13:10:30
7;Telefone;Cal√ßas;2023-10-11T00:06:28;2023-10-11T10:31:43
8;Email;partnerships engineer violeta;2023-10-11T03:16:52;2023-10-11T17:53:52
9;Email;Fresco system-worthy;2023-10-11T09:52:26;2023-10-11T06:46:51
10;Email;Teclado;2023-10-11T11:09:03;2023-10-11T01:32:14
