id;nome;titulo;descricao;endereco;telefone;email;localizacao;status;created;modified
1;syndicate;Fantástico Bedfordshire;../fake-data/blob/hipster.txt;solution-oriented;Principal empowering AI;AnaLaura_Pereira@gmail.com;recontextualize;Ativo;2023-10-11T11:10:48;2023-10-11T19:36:53
2;drive 24/7;empower;../fake-data/blob/hipster.txt;Amapá impactful sticky;circuit Madeira;Samuel.Albuquerque@live.com;Cazaquistão;Inativo;2023-10-10T22:00:46;2023-10-11T10:10:18
3;Frango;deposit;../fake-data/blob/hipster.txt;Genérico;deposit Crianças Incrível;DaviLucca_Batista@hotmail.com;Bahia content-based;Ativo;2023-10-11T09:27:07;2023-10-11T04:46:45
4;Roupas SAS ametista;Buckinghamshire back-end Filmes;../fake-data/blob/hipster.txt;Bedfordshire deposit Distrito;Organized;Alcia46@gmail.com;transmit;Inativo;2023-10-11T04:07:50;2023-10-11T13:27:14
5;cobre;infrastructure Krone;../fake-data/blob/hipster.txt;Cambridgeshire Bedfordshire;Brinquedos Public-key Realigned;Sirineu11@gmail.com;full-range;Bloqueado;2023-10-11T05:39:05;2023-10-11T15:07:52
6;Sabonete Luvas;Metal Madeira;../fake-data/blob/hipster.txt;Concreto withdrawal amarelo;hacking Directives e-business;Laura_Albuquerque7@live.com;XML;Ativo;2023-10-11T19:58:29;2023-10-11T12:50:34
7;Marginal;withdrawal;../fake-data/blob/hipster.txt;ametista synthesize;redundant;Morgana_Barros@hotmail.com;Research;Inativo;2023-10-11T07:47:33;2023-10-11T09:24:44
8;withdrawal;Executive Industrial deposit;../fake-data/blob/hipster.txt;up;caramelo card;Elisa.Souza34@bol.com.br;Inteligente Business-focused;Bloqueado;2023-10-11T08:14:59;2023-10-11T19:51:04
9;Chapéu;Salgadinhos;../fake-data/blob/hipster.txt;IB withdrawal;bluetooth Industrial;Jlio.Souza@hotmail.com;Graphic infrastructures tertiary;Ativo;2023-10-11T14:43:36;2023-10-11T14:28:22
10;Paraná;Queijo;../fake-data/blob/hipster.txt;Congelado;quantifying SMTP;Helena70@hotmail.com;preto lima sensor;Bloqueado;2023-10-11T01:06:17;2023-10-11T01:07:18
