id;parametro;descricao;chave;valor;status;created;modified
1;Credit laranja;generate Cloned;Congelado;haptic;Bloqueado;2023-10-24T12:50:59;2023-10-24T13:51:18
2;pele Metal Lithuanian;intranet PCI;Markets;Cuba Plástico;Bloqueado;2023-10-24T09:51:09;2023-10-24T05:20:32
3;Composite Tala compelling;celeste Specialist;Fully-configurable portal;Marginal;Ativo;2023-10-24T07:17:49;2023-10-24T18:14:58
4;coral Algodão auxiliary;azul Ucrânia reintermediate;Esportes program;Ilhas e Eslovênia;Ativo;2023-10-24T13:57:06;2023-10-24T08:08:29
5;extensible Alagoas;Alameda budgetary;Automotivo;Directives Travessa Croácia;Bloqueado;2023-10-24T22:47:08;2023-10-24T18:34:11
6;override flexibility;fúchsia recontextualize Mouse;ouro;withdrawal índigo Avon;Bloqueado;2023-10-24T15:05:38;2023-10-24T07:43:51
7;applications;Investment;Specialist Brinquedos monetize;New program zero;Inativo;2023-10-24T04:10:27;2023-10-24T19:13:54
8;cross-platform;niches Granito;magenta;approach eco-centric;Inativo;2023-10-24T04:47:12;2023-10-24T03:34:33
9;next-generation Borracha;ROI;Account invoice Implemented;Saudi bandwidth;Inativo;2023-10-24T02:14:36;2023-10-25T00:13:36
10;pixel;task-force;amarelo index;Franc Carro;Bloqueado;2023-10-24T14:30:17;2023-10-24T03:41:15
